firstName,lastName,emailId,passportNumber
Meryl,Fletham,mfletham0@blinklist.com,158.142.212.227
Becky,Papaminas,bpapaminas1@yale.edu,13.159.244.24
Pavia,Lillistone,plillistone2@wunderground.com,131.41.4.50
Gradey,Shillan,gshillan3@dagondesign.com,228.79.223.168
Nolie,Abramow,nabramow4@friendfeed.com,130.244.197.221
Karim,Allcoat,kallcoat5@canalblog.com,198.226.67.125
Kylynn,Guerreau,kguerreau6@ftc.gov,109.116.186.55
Arnold,Scarrott,ascarrott7@360.cn,122.153.224.26
Deena,Creggan,dcreggan8@bbc.co.uk,32.230.28.246
Cully,Robson,crobson9@abc.net.au,87.82.134.159